Var1,Var2,Var3,Var4,Var5,Var6,Var7
Source,Sum Sq.,d.f.,Singular?,Mean Sq.,F,Prob>F
pre/post,0.13773784226485,1,0,0.13773784226485,0.338046058455154,0.561217136301621
Error,206.986066307963,508,0,0.407452886432997,,
Total,207.123804150228,509,0,,,
