Var1,Var2,Var3,Var4,Var5,Var6,Var7
Source,Sum Sq.,d.f.,Singular?,Mean Sq.,F,Prob>F
pre/post,0.222865700759236,1,0,0.222865700759236,0.699265357298729,0.403423814173361
Error,161.906742274558,508,0,0.318714059595586,,
Total,162.129607975317,509,0,,,
