Var1,Var2,Var3,Var4,Var5,Var6,Var7
Source,Sum Sq.,d.f.,Singular?,Mean Sq.,F,Prob>F
pre/post,0.013967124255088,1,0,0.013967124255088,0.0383941932431428,0.84473206841452
Error,184.801359847609,508,0,0.363782204424428,,
Total,184.815326971864,509,0,,,
