Var1,Var2,Var3,Var4,Var5,Var6,Var7
Source,Sum Sq.,d.f.,Singular?,Mean Sq.,F,Prob>F
pre/post,0.000358272229389493,1,0,0.000358272229389493,0.00113924082903766,0.973101333257363
Error,78.6208280676116,250,0,0.314483312270446,,
Total,78.621186339841,251,0,,,
