Var1,Var2,Var3,Var4,Var5,Var6,Var7
Source,Sum Sq.,d.f.,Singular?,Mean Sq.,F,Prob>F
pre/post,0.171258629189037,1,0,0.171258629189037,0.884995023943368,0.34774531511808
Error,48.3784158542333,250,0,0.193513663416933,,
Total,48.5496744834223,251,0,,,
