Var1,Var2,Var3,Var4,Var5,Var6,Var7
Source,Sum Sq.,d.f.,Singular?,Mean Sq.,F,Prob>F
pre/post,0.0529403567236612,1,0,0.0529403567236612,0.155676947251818,0.693504627954059
Error,85.0163714959455,250,0,0.340065485983782,,
Total,85.0693118526691,251,0,,,
