Var1,Var2,Var3,Var4,Var5,Var6,Var7
Source,Sum Sq.,d.f.,Singular?,Mean Sq.,F,Prob>F
pre/post,0.0292698024051255,1,0,0.0292698024051255,0.107136341845205,0.743702134451172
Error,68.3003589188621,250,0,0.273201435675449,,
Total,68.3296287212673,251,0,,,
